{"stats":{"minecraft:used":{"minecraft:dirt":1},"minecraft:mined":{"minecraft:grass_block":1},"minecraft:picked_up":{"minecraft:dirt":1},"minecraft:custom":{"minecraft:jump":79,"minecraft:time_since_rest":3968,"minecraft:leave_game":1,"minecraft:damage_dealt":24,"minecraft:crouch_one_cm":83,"minecraft:sprint_one_cm":3074,"minecraft:play_time":3968,"minecraft:damage_taken":140,"minecraft:time_since_death":3968,"minecraft:walk_one_cm":4847,"minecraft:sneak_time":10,"minecraft:climb_one_cm":130,"minecraft:total_world_time":3968,"minecraft:fall_one_cm":1764,"minecraft:fly_one_cm":10365}},"DataVersion":3465}