{"stats":{"minecraft:used":{"minecraft:wooden_axe":1,"minecraft:sand":71,"minecraft:cobblestone":5,"minecraft:obsidian":1},"minecraft:killed":{"minecraft:skeleton":1,"minecraft:zombie":1},"minecraft:picked_up":{"minecraft:arrow":2,"minecraft:repeater":293,"minecraft:rotten_flesh":1},"minecraft:custom":{"minecraft:time_since_rest":55318,"minecraft:crouch_one_cm":670,"minecraft:play_time":55318,"minecraft:sprint_one_cm":22884,"minecraft:walk_one_cm":68611,"minecraft:sneak_time":1734,"minecraft:walk_under_water_one_cm":22563,"minecraft:mob_kills":2,"minecraft:jump":144,"minecraft:damage_dealt":394,"minecraft:leave_game":4,"minecraft:walk_on_water_one_cm":3879,"minecraft:time_since_death":55318,"minecraft:total_world_time":55318,"minecraft:swim_one_cm":3016,"minecraft:fall_one_cm":894,"minecraft:fly_one_cm":272212}},"DataVersion":3465}